text,label
I finally achieved something I worked so hard for,pride
I feel proud of myself today,pride
Winning that competition made me feel amazing,pride
I never thought I could do it but I did,pride
I accomplished my goal and feel fulfilled,pride
Today was one of the happiest days of my life,joy
I feel genuinely happy and excited today,joy
Everything feels lighter and brighter today,joy
I can't stop smiling today,joy
I had such a beautiful day with my friends,joy
I feel deeply grateful for the people around me,gratitude
I appreciate everything my family has done for me,gratitude
I feel thankful for the support I received,gratitude
Life feels meaningful when I think about what I have,gratitude
I am grateful things worked out in the end,gratitude
I finally feel at peace after a stressful time,relief
A huge weight feels lifted off my shoulders,relief
I can finally breathe again after all this stress,relief
Things are finally calming down for me,relief
I feel relieved knowing everything is okay now,relief
I think things can get better from here,hope
For the first time in a while I feel hopeful,hope
I believe my future can improve,hope
I finally see some light ahead,hope
I feel motivated to keep moving forward,hope
I feel loved and emotionally supported,connection
Talking to them made me feel understood,connection
I feel emotionally close to the people around me,connection
I finally feel connected again,connection
Being with them makes me feel safe and valued,connection